{
  "width": 12,
  "height": 12,
  "name": "Risky Exchange",
  "level": "easy",
  "grid": [
    "t1 f wN bN wN bS bN wN bS wN bU f",
    "bW f h bN f bS bN f g1 bS f c bW",
    "wE f f bN f bS bN f bS wE lW lW lWwE",
    "bE bE bE c f bS bN f bS bE bE bE",
    "wE g3 f f wSE bS bN wSW f f f wE",
    "bW bW bW bW bW f f bW bW bW bW bW",
    "f bE bE bE bE f f bE bE bE bE bE",
    "wW f f f wNE bS bN t2 f g2 f f wE",
    "bE bE bE c f bS bN f c bW bW bW",
    "wE f f bN f bS bN f bS f wN wE",
    "h wS f bN f bS bN f bS f c bE",
    "f wN wS bN wS bS f wS bS wS bN t1"
  ]
}